{
    "Tilemap": [
        [1, 1, 1, 1, 1, 1, 1, 1, 1, 1, 1, 1, 1, 1, 1, 1], 
        [1, 0, 0, 1, 0, 0, 0, 0, 0, 0, 0, 0, 0, 0, 0, 1], 
        [1, 0, 0, 1, 0, 0, 0, 0, 0, 0, 0, 0, 0, 0, 0, 1], 
        [1, 0, 0, 1, 0, 0, 0, 0, 0, 0, 0, 0, 0, 0, 0, 1], 
        [1, 0, 0, 0, 0, 0, 0, 0, 0, 0, 0, 0, 0, 0, 0, 1], 
        [1, 0, 0, 0, 0, 0, 0, 0, 0, 0, 0, 1, 0, 0, 0, 1], 
        [1, 0, 0, 0, 0, 0, 0, 0, 0, 0, 0, 1, 0, 0, 0, 1], 
        [1, 0, 0, 0, 0, 0, 0, 0, 0, 0, 0, 1, 0, 0, 0, 1], 
        [1, 1, 1, 1, 1, 1, 1, 1, 1, 1, 1, 1, 1, 1, 1, 1]
    ],
    "ObjectCount": 2,
    "Objects": [{
            "Name": "JSONPlayer",
            "Type": "Player",
            "Texture": "Player",
            "UsingSprite": true,
            "Components": {
                "PhysicsBody": {
                    "VelocityX": 0.0,
                    "VelocityY": 0.0,
                    "RotationSpeed": 200.0,
                    "Speed": 120.0,
                    "Mass": 10.0,
                    "IsStatic": false,
                    "FrictionForce": 20.0
                },
                "Transform": {
                    "PositionX": 669.3441772460938,
                    "PositionY": -286.0372009277344,
                    "Rotation": 0.0,
                    "ScaleX": 100.0,
                    "ScaleY": 100.0
                },
                "LogicComponent": {
                    "ScriptID": [1, 3]
                },
                "Collider": {
                    "ColliderSizeX": 100.0,
                    "ColliderSizeY": 100.0,
                    "ColliderRotation": 0.0
                },
                "HealthComponent": {
                    "MaxHealth": 5
                }
            }
        }, {
            "Name": "JSONEnemy1",
            "Type": "Enemy",
            "Texture": "CommonGuard",
            "UsingSprite": true,
            "Components": {
                "PhysicsBody": {
                    "VelocityX": -212.1597442626953,
                    "VelocityY": 212.10433959960938,
                    "RotationSpeed": 20.0,
                    "Speed": 120.0,
                    "Mass": 10.0,
                    "IsStatic": false,
                    "FrictionForce": 20.0
                },
                "Transform": {
                    "PositionX": -432.5343322753906,
                    "PositionY": -347.4375915527344,
                    "Rotation": 0.0,
                    "ScaleX": 50.0,
                    "ScaleY": 50.0
                },
                "LogicComponent": {
                    "ScriptID": [0]
                },
                "Collider": {
                    "ColliderSizeX": 50.0,
                    "ColliderSizeY": 50.0,
                    "ColliderRotation": 0.0
                },
                "EnemyFSM": {
                    "AggroRange": 250.0
                },                
                "HealthComponent": {
                    "MaxHealth": 200
                }
            }
        }]
}
